run_id,dataset,budget,variant,seed,wall_clock_sec,physical_fill_pct,placed_count,unplaced_count,unplaced_weight_kg,max_height_cm,top_surface_height_std,cog_dev_xy,cog_dev_z,lifo_violations,validator_violations,is_valid,ga_units_count,peak_memory_mb
20172587-a608-48df-9317-af716ec20347,03,interactive,A,1,79.779,65.4,50,20,1356.8,260.0,28.44,0.0116,0.1013,0,0,True,17,0.77
a4cecd9e-aecb-45f0-a9b1-3cd0bf68f9b7,03,interactive,A,2,80.358,65.411,50,20,1356.8,260.0,34.48,0.0129,0.0939,0,0,True,17,0.85
421d1912-b901-4898-8bf3-bd39bede1a0f,03,interactive,A,3,81.941,65.4,50,20,1356.8,260.0,28.44,0.0117,0.1013,0,0,True,17,0.76
f3776ce8-be45-489f-8849-5e347f81ac4d,03,interactive,A,4,84.101,70.618,54,16,1085.44,260.0,33.58,0.0121,0.0752,0,0,True,17,0.76
e36ab501-b016-404b-ac31-06298338b83f,03,interactive,A,7,69.283,65.39,50,20,1356.8,260.0,29.92,0.0128,0.0924,0,0,True,17,0.65
72d8cfc2-b8eb-420e-9ac6-778ca77e6a17,03,interactive,A,6,71.924,70.618,54,16,1085.44,260.0,39.37,0.0131,0.0833,0,0,True,17,0.74
d5ab5fb1-962c-4a83-8829-f9f06638c52d,03,interactive,A,5,73.382,65.4,50,20,1356.8,260.0,32.15,0.0086,0.0759,0,0,True,17,0.73
c6683954-d15c-4bbe-84d5-8f46e2c47d0d,03,interactive,A,8,73.975,70.618,54,16,1085.44,260.0,31.75,0.0108,0.0665,0,0,True,17,0.65
f3bb8749-332f-40f4-ba4f-1be7c51530f0,03,interactive,A,11,72.134,70.618,54,16,1085.44,260.0,39.37,0.0199,0.0833,0,0,True,17,0.71
33dbdab8-7c31-4ba1-8df8-36198661cf0b,03,interactive,A,10,72.798,65.4,50,20,1356.8,260.0,28.09,0.0149,0.1015,0,0,True,17,0.82
4366b891-ebaf-4b69-9000-109741617379,03,interactive,A,9,75.098,70.618,54,16,1085.44,260.0,39.37,0.0186,0.0833,0,0,True,17,0.71
02cbd0d1-7738-4f21-a537-31470b8f7c94,03,interactive,A,12,69.999,65.4,50,20,1356.8,260.0,28.44,0.0117,0.1013,0,0,True,17,0.72
21d2a976-674c-4a50-bc3c-3320c83942f8,03,interactive,A,14,65.019,65.39,50,20,1356.8,260.0,29.92,0.0128,0.0924,0,0,True,17,0.65
6b821cee-0eb6-479d-a692-774eb60492fe,03,interactive,A,15,65.935,67.891,52,18,1221.12,260.0,29.35,0.013,0.0811,0,0,True,17,0.76
2f99e375-1686-4196-8a13-87435c85b710,03,interactive,A,13,67.981,70.618,54,16,1085.44,260.0,23.94,0.0113,0.0624,0,0,True,17,0.68
27a260a5-f4a4-459e-abf1-dde839aa645a,03,interactive,A,16,66.473,65.4,50,20,1356.8,260.0,28.09,0.0149,0.1015,0,0,True,17,0.74
ed96eb50-d38a-4842-830b-77fca9fe58d2,03,interactive,A,17,65.569,70.608,54,16,1085.44,260.0,20.67,0.0119,0.0598,0,0,True,17,0.72
28e59823-23a0-4e8a-9085-4b38400c17b9,03,interactive,A,18,65.364,65.4,50,20,1356.8,260.0,34.53,0.0248,0.0822,0,0,True,17,0.64
ca13beea-c778-4215-b27c-47bde247e158,03,interactive,A,19,65.195,67.901,52,18,1221.12,260.0,28.57,0.0141,0.0666,0,0,True,17,0.73
336d3074-9f0a-4793-8c73-8613a5b4fd11,03,interactive,A,20,66.195,70.618,54,16,1085.44,260.0,31.75,0.011,0.0665,0,0,True,17,0.64
de05396d-f140-48d7-854d-3987709037cf,03,interactive,B,1,66.499,70.602,54,16,1085.44,260.0,28.04,0.0134,0.0692,0,0,True,0,0.77
0e90211c-4072-454f-87a1-68d8ac4b4eb1,03,interactive,B,2,65.757,74.516,57,13,881.92,260.0,29.17,0.0292,0.0524,0,0,True,0,0.78
96935305-bddd-42a2-99c5-6d755a2f7179,03,interactive,B,3,67.289,70.602,54,16,1085.44,260.0,28.32,0.0222,0.0689,0,0,True,0,0.78
27ccbad1-469d-45a0-b5d3-64ac128d4bdd,03,interactive,B,4,69.969,70.618,54,16,1085.44,260.0,33.58,0.0131,0.0752,0,0,True,0,0.77
7eda93d1-c065-4424-b71d-006f016f8253,03,interactive,B,7,71.184,74.497,57,13,881.92,265.0,16.9,0.0149,0.0469,0,0,True,0,0.79
5be93980-06d1-4c01-af18-9e1053796980,03,interactive,B,6,74.714,70.618,54,16,1085.44,260.0,39.37,0.0143,0.0833,0,0,True,0,0.77
97d4fad0-2422-49f8-9299-9ba87a2e9167,03,interactive,B,5,76.18,73.203,56,14,949.76,260.0,26.39,0.0185,0.0576,0,0,True,0,0.77
b67ab053-8b0c-4d5a-aa2c-a011db9a12ec,03,interactive,B,8,79.205,70.618,54,16,1085.44,260.0,31.75,0.0108,0.0665,0,0,True,0,0.78
d78a6533-b660-4904-9edc-e8c9659bdca3,03,interactive,B,10,79.661,71.899,55,15,1017.6,260.0,23.38,0.0116,0.0642,0,0,True,0,0.75
b99d61f4-b0d4-4b1f-a721-d6e91a9fee5d,03,interactive,B,9,84.004,70.618,54,16,1085.44,260.0,39.37,0.0199,0.0833,0,0,True,0,0.77
2a472787-ffc9-4967-85b0-4eaf117c49d8,03,interactive,B,11,82.657,70.618,54,16,1085.44,260.0,39.37,0.0215,0.0833,0,0,True,0,0.78
09ba67ed-50c4-43da-af2c-8be8deff8c8b,03,interactive,B,12,75.973,70.602,54,16,1085.44,260.0,28.32,0.0222,0.0689,0,0,True,0,0.77
096ee70e-b084-4426-a490-ee71eab93b1e,03,interactive,B,14,68.548,74.497,57,13,881.92,265.0,16.9,0.0149,0.0469,0,0,True,0,0.8
58627183-fea1-4df5-a0a7-b245db25abe9,03,interactive,B,13,73.83,70.618,54,16,1085.44,260.0,23.94,0.0113,0.0624,0,0,True,0,0.77
912f68c1-415a-4f30-bfb9-a51f266f0faf,03,interactive,B,15,71.002,74.443,57,13,881.92,260.0,23.55,0.0119,0.0621,0,0,True,0,0.77
90601b12-c64b-4a15-91bf-2b4fefff4ec6,03,interactive,B,16,71.098,71.899,55,15,1017.6,260.0,23.38,0.0116,0.0642,0,0,True,0,0.75
e91cb8f2-3fab-49d7-8ab3-44533614a49d,03,interactive,B,17,70.889,73.211,56,14,949.76,260.0,14.0,0.0122,0.0456,0,0,True,0,0.78
58663c3d-1bac-45a1-bde6-3cb076ad5f94,03,interactive,B,18,69.694,74.513,57,13,881.92,260.0,25.79,0.0168,0.0371,0,0,True,0,0.83
f80e699e-b6f6-43ed-8efe-48e3f48e1783,03,interactive,B,19,69.403,73.155,56,14,949.76,260.0,23.37,0.0146,0.0597,0,0,True,0,0.78
96bcfcdc-326f-4683-a406-e8a52373e601,03,interactive,B,20,69.803,70.618,54,16,1085.44,260.0,31.75,0.011,0.0665,0,0,True,0,0.78
d9701450-015c-495a-bdc3-5ed47c4735df,03,interactive,C,1,676.1,62.786,48,22,1492.48,265.0,31.57,0.0316,0.0903,0,0,True,70,0.99
09dcb21d-d075-4ba4-a64d-081079d8fb1f,03,interactive,C,4,735.802,64.08,49,21,1424.64,264.0,46.83,0.0359,0.0881,0,0,True,70,0.95
e8517c22-51d1-425a-b3a1-535a3e921e7e,03,interactive,C,3,750.548,64.08,49,21,1424.64,264.0,53.91,0.0517,0.0624,0,0,True,70,0.99
867b9f7a-a03e-45d7-8e92-b5e51258ea49,03,interactive,C,2,773.102,66.686,51,19,1288.96,265.0,33.2,0.0161,0.0685,0,0,True,70,0.98
a8fb86f8-bfb0-46d5-ab15-86ddc6da1620,03,interactive,C,5,707.203,64.077,49,21,1424.64,264.0,48.95,0.0376,0.0783,0,0,True,70,0.94
8c816f03-dcf9-4fc1-a7b4-933cbfe6e7cc,03,interactive,C,6,689.697,62.784,48,22,1492.48,264.0,46.17,0.0416,0.0912,0,0,True,70,0.95
bacd52b2-af60-404e-a1b2-5131bf27224f,03,interactive,C,8,663.565,64.083,49,21,1424.64,264.0,37.56,0.0217,0.0783,0,0,True,70,0.93
1666859e-939c-4f90-b294-c7202e0cc3de,03,interactive,C,7,688.434,66.684,51,19,1288.96,264.0,37.54,0.0242,0.0776,0,0,True,70,0.94
6d5cbaf1-3a57-4a02-886a-909ea920992d,03,interactive,C,9,575.252,65.385,50,20,1356.8,265.0,37.32,0.0256,0.0641,0,0,True,70,0.98
ce9ba522-9bfc-40fc-9ca9-25fcd0d2a720,03,interactive,C,10,536.26,64.08,49,21,1424.64,264.0,48.32,0.038,0.0764,0,0,True,70,0.94
e7810c49-142f-4b2c-b65b-7164367ebde8,03,interactive,C,11,546.634,65.387,50,20,1356.8,265.0,32.25,0.0256,0.0643,0,0,True,70,1.04
92f4b15e-9832-4b57-af1a-7e2c402f2fab,03,interactive,C,12,558.324,65.385,50,20,1356.8,265.0,37.32,0.0256,0.0641,0,0,True,70,0.94
01f847eb-c26d-4e77-8fd3-a49922c97e91,03,interactive,C,13,533.723,62.786,48,22,1492.48,265.0,28.69,0.0296,0.055,0,0,True,70,0.94
be8ee97d-a865-4b0d-ae94-fccb41c7e24c,03,interactive,C,15,512.015,64.083,49,21,1424.64,265.0,49.43,0.041,0.0612,0,0,True,70,0.93
62829e7f-2692-4f64-9284-62ca90ed7709,03,interactive,C,14,529.504,62.781,48,22,1492.48,264.0,41.98,0.0357,0.0948,0,0,True,70,0.91
14f4fe9e-4368-41a7-bffd-b5acf5a355ae,03,interactive,C,16,539.917,64.088,49,21,1424.64,264.0,32.87,0.0164,0.0735,0,0,True,70,0.91
12a1b92e-9b1e-40e2-84d0-c92083a3ca3f,03,interactive,C,20,837.032,65.387,50,20,1356.8,265.0,24.66,0.0236,0.0558,0,0,True,70,1.0
68213b6d-5c70-4183-8a45-188dc981b6d7,03,interactive,C,18,841.722,65.385,50,20,1356.8,265.0,37.19,0.0255,0.0646,0,0,True,70,1.03
ee4937be-7f67-412f-b7a7-f6356a466448,03,interactive,C,17,855.661,66.681,51,19,1288.96,265.0,48.19,0.0373,0.0693,0,0,True,70,1.05
84f1049d-0871-4145-a214-c62e6d52d158,03,interactive,C,19,866.183,66.678,51,19,1288.96,265.0,58.44,0.0371,0.0728,0,0,True,70,1.02
fb15c5b7-044f-4746-87a4-0b1595edef4d,03,interactive,D,1,1090.804,62.722,48,22,1492.48,260.0,62.44,0.0255,0.0834,0,1,False,5,0.86
07174d40-d432-4829-ab4c-f076f4364c3c,03,interactive,D,2,1179.193,70.618,54,16,1085.44,265.0,32.91,0.018,0.077,0,0,True,5,0.86
5aa9c9a6-c365-4aa0-ad4b-de65830fc8c2,03,interactive,D,3,1166.658,67.948,52,18,1221.12,265.0,26.74,0.0306,0.0889,0,0,True,5,0.88
bd469095-6f85-459a-b7eb-3dd549747e7a,03,interactive,D,4,1223.048,69.239,53,17,1153.28,265.0,51.19,0.0383,0.0778,0,0,True,5,0.91
19570e3a-89f3-4191-841c-67d9633a81b5,03,interactive,E,1,786.313,81.012,62,8,542.72,265.0,13.98,0.0073,0.0429,0,0,True,5,1.08
bb09b846-abdb-4fd8-94bf-30537cbae3d3,03,interactive,E,2,801.764,80.903,62,8,542.72,260.0,19.13,0.0085,0.0474,0,0,True,5,1.11
b634ec31-2370-4816-b847-c95f0a1d426e,03,interactive,E,4,821.684,79.622,61,9,610.56,260.0,18.33,0.017,0.0469,0,0,True,5,1.09
255b68d2-063a-4ca4-ac48-5f0bae27d22a,03,interactive,E,3,983.437,78.305,60,10,678.4,260.0,24.52,0.0065,0.0578,0,0,True,5,1.04
e7e4a83d-9ddf-479c-b65a-3ae8f7625122,03,interactive,E,5,486.409,80.898,62,8,542.72,260.0,18.99,0.0071,0.0492,0,0,True,5,1.01
10b7a1ea-0561-44bb-bb8b-b9dbb255e219,03,interactive,E,6,499.294,79.64,61,9,610.56,260.0,12.26,0.0156,0.0552,0,0,True,5,0.91
53b844aa-b820-4453-a8c6-a8a1e85bcfa0,03,interactive,E,7,531.517,79.712,61,9,610.56,260.0,21.14,0.0073,0.0552,0,0,True,5,0.93
ff1b6baf-c95d-40cb-be52-4c4e3d452454,03,interactive,E,8,528.503,78.295,60,10,678.4,269.0,17.29,0.0131,0.0494,0,0,True,5,0.9
