Item_ID,Description,Length_cm,Width_cm,Height_cm,Weight_kg,This_Way_Up
WF298829AAP,2203-US-WM-037-TABLE,180.0,100.0,43.0,105.0,False
WF298829AAD,2203-US-WM-037-TABLE,180.0,100.0,43.0,105.0,False
N715P390429P,2203-US-WM-037-CHAIR-SET OF 2,110.0,85.0,91.0,102.5,False
N715P390429D,2203-US-WM-037-CHAIR-SET OF 2,105.0,85.0,94.0,100.0,False
DTASPEFT,TABLE DTASPEFT,150.0,91.0,27.0,70.0,False
CRASPEC,CHAIR CRASPEC,71.0,52.0,54.0,22.0,False
334-FR01,BỘ PHẬN GIỮ,210.0,62.0,40.0,69.8,False
334-H01,ĐẦU GIƯỜNG,200.0,130.0,25.0,42.0,False
334-FR03,BỘ PHẬN GIỮ,210.0,67.0,40.0,82.2,False
334-H03,ĐẦU GIƯỜNG,200.0,130.0,30.0,55.0,False
398-FR6G,BỘ PHẬN GIỮ,200.0,56.0,40.0,45.0,False
398-H06G,BỘ PHẬN GIỮ,200.0,113.0,20.0,31.0,False
308-128,BÀN,120.0,80.0,25.0,22.5,False
308-770,KHUNG CHÂN,130.0,91.0,50.0,15.4,False
330-816,KHUNG KỆ,220.0,110.0,98.0,330.0,False
M24-ALM (10 PCS),ĐỆM NGỒI CỦ,70.0,50.0,40.0,30.0,False
M24-ALM (1 PCS),ĐỆM NGỒI CỦ,70.0,50.0,40.0,30.0,False
309-234,TỦ,120.0,85.0,50.0,64.0,False
305-865,TỦ TRANG TRÍ,200.0,85.0,88.0,119.0,False
IMCD384,,100.0,70.0,50.0,53.1,False
IMFL664R-R,,175.0,75.0,72.0,93.0,False
IMHF4078D,,200.0,104.0,45.0,62.6,False
IMSA680,,180.0,85.0,84.0,121.1,False
IMTU684,,180.0,78.0,78.0,116.1,False
IMFL664R,,175.0,72.0,56.0,67.1,False
IMFL684R-R,,180.0,70.0,56.0,61.2,False
DT-8411,Solid Wood Dining Table Carton (KD),200.0,110.0,22.0,78.0,False
DT-8629,Solid Wood Dining Table Carton Large (KD),230.0,125.0,25.0,95.0,False
WD-8402,3-Door Wardrobe Carton (KD),260.0,68.0,18.0,98.0,False
WD-9320,2-Door Wardrobe Carton (KD),225.0,65.0,17.0,78.0,False
BS-4111,Bookshelf 5-Tier Carton (KD),110.0,36.0,19.0,42.0,False
CT-4025,Coffee Table Carton Solid Wood (KD),125.0,68.0,24.0,46.0,False
TV-9387,TV Console Carton (KD),185.0,48.0,17.0,60.0,False
CN-8794,Console Table Carton Solid Wood (KD),148.0,48.0,22.0,72.0,False
BF-4050,Bed Frame Headboard Carton (KD),200.0,10.0,112.0,34.0,True
BF-2542,Bed Frame Base Carton (KD),240.0,110.0,15.0,56.0,False
CD-8316,Chest of Drawers Carton 4-Drawer (KD),98.0,55.0,20.0,52.0,False
SB-5970,Sideboard Buffet Carton (KD),200.0,55.0,22.0,68.0,False
DB-3323,Dining Bench Carton Solid Wood (KD),172.0,43.0,19.0,25.0,False
SD-2485,Study Desk Carton (KD),148.0,74.0,19.0,48.0,False
SF-9825,Sofa Frame Carton 3-Seater (KD),245.0,98.0,24.0,85.0,False
NS-1686,Nightstand Carton (KD),58.0,49.0,23.0,12.0,False
NS-7490,Nightstand Carton Assembled,58.0,49.0,63.0,17.0,True
DC-8421,Dining Chair Carton (KD),55.0,52.0,14.0,9.0,False
DC-3580,Dining Chair Carton Assembled,55.0,60.0,105.0,11.0,True
BR-1245,Bar Stool Carton,40.0,40.0,86.0,5.8,False
BR-9656,Bar Stool Carton Stackable,40.0,40.0,80.0,5.4,False
RC-2034,Rattan Chair Carton,67.0,69.0,103.0,8.0,False
RK-1975,Rocking Chair Carton Wooden,75.0,103.0,108.0,14.5,False
OT-1584,Ottoman Carton Fabric,63.0,63.0,48.0,9.0,False
RS-4116,Recliner Sofa Chair Carton,108.0,114.0,115.0,42.0,False
WS-4963,Wall Shelf Carton Floating,92.0,23.0,7.0,4.5,False
CD-1492,Chest of Drawers Carton Assembled,98.0,55.0,115.0,60.0,True
SD-8601,Study Desk Carton Assembled,148.0,74.0,86.0,53.0,True
TV-6345,TV Console Carton Assembled,185.0,48.0,52.0,68.0,True
BS-8217,Bookshelf Carton Assembled 5-Tier,110.0,36.0,207.0,50.0,True
IMHF4078,Hartford Bookcase,114.6,39.0,212.1,60.0,False
IMHF450,Hartford Lateral File,108.6,59.7,80.4,63.0,False
IMHF450W,Hartford Lateral File (Wide),108.6,59.7,80.4,63.0,False
IMHF684RW-R,RHF Return for Pedestal Desk,127.9,81.9,71.6,67.0,False
IMHF689,Hartford Credenza,154.3,71.0,86.4,96.0,False
IMAL402,Albany Ladder,64.9,12.3,165.5,10.0,False
IMAY689,Abby Credenza,155.2,71.4,86.9,106.0,False
409415L-BC1,Bookcase Black,215.0,95.0,49.0,67.84,False
409415L-BC2,Bookcase Black,180.0,110.0,50.0,67.84,False
409415L-BC3,Bookcase Black,130.0,95.0,80.0,67.84,False
409415LADDERS,Ladders,220.0,75.0,60.0,67.84,False
409415,Bookcase Black,210.0,90.0,53.0,67.84,False
N767P389536K,SALTON CHAISE LOUNGE MP2,190.0,65.0,21.0,36.2,False
N767P389537K,SALTON CHAISE LOUNGE MP2,190.0,69.0,19.0,36.2,False
N767P389538K,SALTON CHAISE LOUNGE MP2,188.0,66.0,20.0,36.2,False
A17-3680,Cameron Exec Chair,72.1,61.3,97.4,35.0,True
I07-407-BLK-1,King Low Profile Bed,145.2,79.9,17.4,25.4,False
I07-415-COC-1,King Panel Headboard,188.1,18.8,116.6,43.6,False
I07-455-BLK-2,Chesser,162.9,68.4,84.7,114.0,True
I07-455-COC-2,Chesser,163.4,68.6,84.9,114.0,True
I07-456-BLK-2,5 Drawer Chest,151.7,63.7,91.0,100.9,True
I07-456-TAN-2,5 Drawer Chest,152.1,63.9,91.2,100.9,True
I3184-332,Door Bookcase,210.5,21.0,189.4,72.5,True
ICB-400-WHT-KD-2,Queen Sleigh Bed,176.9,81.4,24.8,33.5,False
ICB-407D-PPR-2,King/Cal King Bed,225.8,103.9,31.6,104.0,False
ICB-451-CLC-2,1 Drawer Nightstand,77.2,65.6,60.2,39.5,True
ICB-451-WHT-2,1 Drawer Nightstand,77.2,65.6,60.2,39.5,True
ICB-455-WHT-6,Chesser,158.6,66.6,82.5,124.5,True
ICB-459-KHK-3,Chiffarobe,175.7,73.8,108.9,148.5,True
ICB-462-KHK-2,Double Dresser,90.3,37.9,45.1,24.0,True
ICB-463-WHT-1,Chesser Mirror,136.2,10.9,74.9,22.0,True
ICB-492-KHK-KD-3,Queen Framed Bed,174.1,80.1,24.4,39.5,False
ICB-492-PPR-KD-2,Queen Framed Bed,174.1,80.1,24.4,39.5,False
IML-450-GRY-2,2 Drawer Nightstand,71.9,61.1,56.1,31.0,True
IML-474-GRY-1,King Platform Bed,248.2,114.2,34.7,72.5,False
IML-475-GRY-1,King Platform Bed,171.4,78.8,24.0,92.5,False
IML-476-GRY-1,King Platform Bed,145.7,67.0,20.4,31.5,False
IML-477-GRY-1,Cal King Platform Bed,180.5,83.0,25.3,112.5,False
A11-3680,Skylar Exec Chair,73.1,62.1,98.7,36.75,True
A13-3681,Drew Exec Chair,71.4,60.7,96.3,34.0,True
A14-3680,Reese Exec Chair,74.9,63.7,101.2,35.0,True
1248-366-SLT-1,Office Chair,60.7,51.6,82.0,22.2,True
13210-485-BCK,Secretary Chest,148.9,62.5,86.3,108.0,True
1430-410-1,Cal King Rails,239.7,24.0,28.8,57.0,False
