Item_ID,PO_No,Customer_Code,Description,Qty_Pcs,Qty_Cartons
320-FR27,BC019161,,5/0 FOOTBOARD/RAILS,2,2
320-FR29,BC019161,,6/6 FOOTBOARD/RAILS,8,8
320-H27,BC019161,,5/0 HEADBOARD,2,2
320-H29,BC019161,,6/0 HEADBOARD,8,8
320-053,BC019161,,DRESSER,7,7
320-134,BC019161,,BUFFET,4,4
320-230,BC019161,,NIGHTSTAND,5,5
320-232,BC019161,,NIGHTSTAND,10,10
220-242,BC019161,,Rectangular Dining Table Top,4,4
220-244,BC019161,,Rectangular Dining Table Base,4,4
220-273,BC019161,,Round Dining Table Top,2,2
220-275,BC019161,,DINING TABLE BASE INNI,2,2
320-334,BC019161,,RESIN MIRROR,2,2
220-542,BC019161,,UPH ARM CHAIR (1/BOX),8,8
220-543,BC019161,,UPH SIDE CHAIR (2/BOX),22,11
220-544,BC019161,,UPH ARM CHAIR (2/BOX),8,4
320-814,BC019161,,DISPLAY CABINET,3,3
